{
	"partitions" : [
		{
			"name" : "Top",
			"pins" : [
				{
					"name" : "out[0]",
					"strict" : false
				},
				{
					"name" : "out[1]",
					"strict" : false
				},
				{
					"name" : "out[2]",
					"strict" : false
				},
				{
					"name" : "out[3]",
					"strict" : false
				},
				{
					"name" : "out[4]",
					"strict" : false
				},
				{
					"name" : "out[5]",
					"strict" : false
				},
				{
					"name" : "out[6]",
					"strict" : false
				},
				{
					"name" : "out[7]",
					"strict" : false
				},
				{
					"name" : "out[8]",
					"strict" : false
				},
				{
					"name" : "out[9]",
					"strict" : false
				},
				{
					"name" : "out[10]",
					"strict" : false
				},
				{
					"name" : "out[11]",
					"strict" : false
				},
				{
					"name" : "out[12]",
					"strict" : false
				},
				{
					"name" : "out[13]",
					"strict" : false
				},
				{
					"name" : "out[14]",
					"strict" : false
				},
				{
					"name" : "out[15]",
					"strict" : false
				},
				{
					"name" : "out[16]",
					"strict" : false
				},
				{
					"name" : "out[17]",
					"strict" : false
				},
				{
					"name" : "out[18]",
					"strict" : false
				},
				{
					"name" : "out[19]",
					"strict" : false
				},
				{
					"name" : "out[20]",
					"strict" : false
				},
				{
					"name" : "out[21]",
					"strict" : false
				},
				{
					"name" : "out[22]",
					"strict" : false
				},
				{
					"name" : "out[23]",
					"strict" : false
				},
				{
					"name" : "out[24]",
					"strict" : false
				},
				{
					"name" : "out[25]",
					"strict" : false
				},
				{
					"name" : "out[26]",
					"strict" : false
				},
				{
					"name" : "out[27]",
					"strict" : false
				},
				{
					"name" : "out[28]",
					"strict" : false
				},
				{
					"name" : "out[29]",
					"strict" : false
				},
				{
					"name" : "out[30]",
					"strict" : false
				},
				{
					"name" : "out[31]",
					"strict" : false
				},
				{
					"name" : "clk",
					"strict" : false
				},
				{
					"name" : "in2[0]",
					"strict" : false
				},
				{
					"name" : "op[4]",
					"strict" : false
				},
				{
					"name" : "op[5]",
					"strict" : false
				},
				{
					"name" : "op[0]",
					"strict" : false
				},
				{
					"name" : "op[1]",
					"strict" : false
				},
				{
					"name" : "op[2]",
					"strict" : false
				},
				{
					"name" : "op[3]",
					"strict" : false
				},
				{
					"name" : "in1[0]",
					"strict" : false
				},
				{
					"name" : "rst",
					"strict" : false
				},
				{
					"name" : "wren",
					"strict" : false
				},
				{
					"name" : "in2[1]",
					"strict" : false
				},
				{
					"name" : "in1[1]",
					"strict" : false
				},
				{
					"name" : "in2[2]",
					"strict" : false
				},
				{
					"name" : "in1[2]",
					"strict" : false
				},
				{
					"name" : "in2[3]",
					"strict" : false
				},
				{
					"name" : "in1[3]",
					"strict" : false
				},
				{
					"name" : "in2[4]",
					"strict" : false
				},
				{
					"name" : "in1[4]",
					"strict" : false
				},
				{
					"name" : "in2[5]",
					"strict" : false
				},
				{
					"name" : "in1[5]",
					"strict" : false
				},
				{
					"name" : "in2[6]",
					"strict" : false
				},
				{
					"name" : "in1[6]",
					"strict" : false
				},
				{
					"name" : "in2[7]",
					"strict" : false
				},
				{
					"name" : "in1[7]",
					"strict" : false
				},
				{
					"name" : "in2[8]",
					"strict" : false
				},
				{
					"name" : "in1[8]",
					"strict" : false
				},
				{
					"name" : "in2[9]",
					"strict" : false
				},
				{
					"name" : "in1[9]",
					"strict" : false
				},
				{
					"name" : "in2[10]",
					"strict" : false
				},
				{
					"name" : "in1[10]",
					"strict" : false
				},
				{
					"name" : "in2[11]",
					"strict" : false
				},
				{
					"name" : "in1[11]",
					"strict" : false
				},
				{
					"name" : "in2[12]",
					"strict" : false
				},
				{
					"name" : "in1[12]",
					"strict" : false
				},
				{
					"name" : "in2[13]",
					"strict" : false
				},
				{
					"name" : "in1[13]",
					"strict" : false
				},
				{
					"name" : "in2[14]",
					"strict" : false
				},
				{
					"name" : "in1[14]",
					"strict" : false
				},
				{
					"name" : "in2[15]",
					"strict" : false
				},
				{
					"name" : "in1[15]",
					"strict" : false
				},
				{
					"name" : "in2[16]",
					"strict" : false
				},
				{
					"name" : "in1[16]",
					"strict" : false
				},
				{
					"name" : "in2[17]",
					"strict" : false
				},
				{
					"name" : "in1[17]",
					"strict" : false
				},
				{
					"name" : "in2[18]",
					"strict" : false
				},
				{
					"name" : "in1[18]",
					"strict" : false
				},
				{
					"name" : "in2[19]",
					"strict" : false
				},
				{
					"name" : "in1[19]",
					"strict" : false
				},
				{
					"name" : "in2[20]",
					"strict" : false
				},
				{
					"name" : "in1[20]",
					"strict" : false
				},
				{
					"name" : "in2[21]",
					"strict" : false
				},
				{
					"name" : "in1[21]",
					"strict" : false
				},
				{
					"name" : "in2[22]",
					"strict" : false
				},
				{
					"name" : "in1[22]",
					"strict" : false
				},
				{
					"name" : "in2[23]",
					"strict" : false
				},
				{
					"name" : "in1[23]",
					"strict" : false
				},
				{
					"name" : "in2[24]",
					"strict" : false
				},
				{
					"name" : "in1[24]",
					"strict" : false
				},
				{
					"name" : "in2[25]",
					"strict" : false
				},
				{
					"name" : "in1[25]",
					"strict" : false
				},
				{
					"name" : "in2[26]",
					"strict" : false
				},
				{
					"name" : "in1[26]",
					"strict" : false
				},
				{
					"name" : "in2[27]",
					"strict" : false
				},
				{
					"name" : "in1[27]",
					"strict" : false
				},
				{
					"name" : "in2[28]",
					"strict" : false
				},
				{
					"name" : "in1[28]",
					"strict" : false
				},
				{
					"name" : "in2[29]",
					"strict" : false
				},
				{
					"name" : "in1[29]",
					"strict" : false
				},
				{
					"name" : "in2[30]",
					"strict" : false
				},
				{
					"name" : "in1[30]",
					"strict" : false
				},
				{
					"name" : "in2[31]",
					"strict" : false
				},
				{
					"name" : "in1[31]",
					"strict" : false
				}
			]
		}
	]
}