{
	"partitions" : [
		{
			"name" : "Top",
			"pins" : [
				{
					"name" : "Reg32_rden_a",
					"strict" : false
				},
				{
					"name" : "Reg32_rden_b",
					"strict" : false
				},
				{
					"name" : "Reg32_wren_a",
					"strict" : false
				},
				{
					"name" : "Reg32_address_a[0]",
					"strict" : false
				},
				{
					"name" : "Reg32_address_a[1]",
					"strict" : false
				},
				{
					"name" : "Reg32_address_a[2]",
					"strict" : false
				},
				{
					"name" : "Reg32_address_a[3]",
					"strict" : false
				},
				{
					"name" : "Reg32_address_a[4]",
					"strict" : false
				},
				{
					"name" : "Reg32_address_b[0]",
					"strict" : false
				},
				{
					"name" : "Reg32_address_b[1]",
					"strict" : false
				},
				{
					"name" : "Reg32_address_b[2]",
					"strict" : false
				},
				{
					"name" : "Reg32_address_b[3]",
					"strict" : false
				},
				{
					"name" : "Reg32_address_b[4]",
					"strict" : false
				},
				{
					"name" : "Reg32_inMux[0]",
					"strict" : false
				},
				{
					"name" : "Reg32_inMux[1]",
					"strict" : false
				},
				{
					"name" : "controlToALU_out[0]",
					"strict" : false
				},
				{
					"name" : "controlToALU_out[1]",
					"strict" : false
				},
				{
					"name" : "controlToALU_out[2]",
					"strict" : false
				},
				{
					"name" : "controlToALU_out[3]",
					"strict" : false
				},
				{
					"name" : "controlToALU_out[4]",
					"strict" : false
				},
				{
					"name" : "controlToALU_out[5]",
					"strict" : false
				},
				{
					"name" : "controlToALU_out[6]",
					"strict" : false
				},
				{
					"name" : "controlToALU_out[7]",
					"strict" : false
				},
				{
					"name" : "controlToALU_out[8]",
					"strict" : false
				},
				{
					"name" : "controlToALU_out[9]",
					"strict" : false
				},
				{
					"name" : "controlToALU_out[10]",
					"strict" : false
				},
				{
					"name" : "controlToALU_out[11]",
					"strict" : false
				},
				{
					"name" : "controlToALU_out[12]",
					"strict" : false
				},
				{
					"name" : "controlToALU_out[13]",
					"strict" : false
				},
				{
					"name" : "controlToALU_out[14]",
					"strict" : false
				},
				{
					"name" : "controlToALU_out[15]",
					"strict" : false
				},
				{
					"name" : "ALU_wren",
					"strict" : false
				},
				{
					"name" : "ALU_inMux",
					"strict" : false
				},
				{
					"name" : "out_update",
					"strict" : false
				},
				{
					"name" : "PC_wren",
					"strict" : false
				},
				{
					"name" : "controlToPC_out[0]",
					"strict" : false
				},
				{
					"name" : "controlToPC_out[1]",
					"strict" : false
				},
				{
					"name" : "controlToPC_out[2]",
					"strict" : false
				},
				{
					"name" : "controlToPC_out[3]",
					"strict" : false
				},
				{
					"name" : "controlToPC_out[4]",
					"strict" : false
				},
				{
					"name" : "controlToPC_out[5]",
					"strict" : false
				},
				{
					"name" : "controlToPC_out[6]",
					"strict" : false
				},
				{
					"name" : "controlToPC_out[7]",
					"strict" : false
				},
				{
					"name" : "PC_offsetOrJump",
					"strict" : false
				},
				{
					"name" : "InstructionReg_wren",
					"strict" : false
				},
				{
					"name" : "clk",
					"strict" : false
				},
				{
					"name" : "rst",
					"strict" : false
				},
				{
					"name" : "button",
					"strict" : false
				},
				{
					"name" : "instructionIn[16]",
					"strict" : false
				},
				{
					"name" : "instructionIn[11]",
					"strict" : false
				},
				{
					"name" : "instructionIn[21]",
					"strict" : false
				},
				{
					"name" : "instructionIn[17]",
					"strict" : false
				},
				{
					"name" : "instructionIn[12]",
					"strict" : false
				},
				{
					"name" : "instructionIn[22]",
					"strict" : false
				},
				{
					"name" : "instructionIn[23]",
					"strict" : false
				},
				{
					"name" : "instructionIn[18]",
					"strict" : false
				},
				{
					"name" : "instructionIn[13]",
					"strict" : false
				},
				{
					"name" : "instructionIn[19]",
					"strict" : false
				},
				{
					"name" : "instructionIn[14]",
					"strict" : false
				},
				{
					"name" : "instructionIn[24]",
					"strict" : false
				},
				{
					"name" : "instructionIn[20]",
					"strict" : false
				},
				{
					"name" : "instructionIn[15]",
					"strict" : false
				},
				{
					"name" : "instructionIn[25]",
					"strict" : false
				},
				{
					"name" : "instructionIn[0]",
					"strict" : false
				},
				{
					"name" : "instructionIn[1]",
					"strict" : false
				},
				{
					"name" : "instructionIn[2]",
					"strict" : false
				},
				{
					"name" : "instructionIn[3]",
					"strict" : false
				},
				{
					"name" : "instructionIn[4]",
					"strict" : false
				},
				{
					"name" : "instructionIn[5]",
					"strict" : false
				},
				{
					"name" : "instructionIn[6]",
					"strict" : false
				},
				{
					"name" : "instructionIn[7]",
					"strict" : false
				},
				{
					"name" : "instructionIn[8]",
					"strict" : false
				},
				{
					"name" : "instructionIn[9]",
					"strict" : false
				},
				{
					"name" : "instructionIn[10]",
					"strict" : false
				},
				{
					"name" : "instructionIn[31]",
					"strict" : false
				},
				{
					"name" : "instructionIn[30]",
					"strict" : false
				},
				{
					"name" : "instructionIn[28]",
					"strict" : false
				},
				{
					"name" : "instructionIn[27]",
					"strict" : false
				},
				{
					"name" : "instructionIn[29]",
					"strict" : false
				},
				{
					"name" : "instructionIn[26]",
					"strict" : false
				},
				{
					"name" : "Reg32_out_a[0]",
					"strict" : false
				},
				{
					"name" : "Reg32_out_a[3]",
					"strict" : false
				},
				{
					"name" : "Reg32_out_a[1]",
					"strict" : false
				},
				{
					"name" : "Reg32_out_a[2]",
					"strict" : false
				}
			]
		}
	]
}