{
	"partitions" : [
		{
			"name" : "Top",
			"pins" : [
				{
					"name" : "hex0[0]",
					"strict" : false
				},
				{
					"name" : "hex0[1]",
					"strict" : false
				},
				{
					"name" : "hex0[2]",
					"strict" : false
				},
				{
					"name" : "hex0[3]",
					"strict" : false
				},
				{
					"name" : "hex0[4]",
					"strict" : false
				},
				{
					"name" : "hex0[5]",
					"strict" : false
				},
				{
					"name" : "hex0[6]",
					"strict" : false
				},
				{
					"name" : "hex1[0]",
					"strict" : false
				},
				{
					"name" : "hex1[1]",
					"strict" : false
				},
				{
					"name" : "hex1[2]",
					"strict" : false
				},
				{
					"name" : "hex1[3]",
					"strict" : false
				},
				{
					"name" : "hex1[4]",
					"strict" : false
				},
				{
					"name" : "hex1[5]",
					"strict" : false
				},
				{
					"name" : "hex1[6]",
					"strict" : false
				},
				{
					"name" : "hex2[0]",
					"strict" : false
				},
				{
					"name" : "hex2[1]",
					"strict" : false
				},
				{
					"name" : "hex2[2]",
					"strict" : false
				},
				{
					"name" : "hex2[3]",
					"strict" : false
				},
				{
					"name" : "hex2[4]",
					"strict" : false
				},
				{
					"name" : "hex2[5]",
					"strict" : false
				},
				{
					"name" : "hex2[6]",
					"strict" : false
				},
				{
					"name" : "hex3[0]",
					"strict" : false
				},
				{
					"name" : "hex3[1]",
					"strict" : false
				},
				{
					"name" : "hex3[2]",
					"strict" : false
				},
				{
					"name" : "hex3[3]",
					"strict" : false
				},
				{
					"name" : "hex3[4]",
					"strict" : false
				},
				{
					"name" : "hex3[5]",
					"strict" : false
				},
				{
					"name" : "hex3[6]",
					"strict" : false
				},
				{
					"name" : "hex4[0]",
					"strict" : false
				},
				{
					"name" : "hex4[1]",
					"strict" : false
				},
				{
					"name" : "hex4[2]",
					"strict" : false
				},
				{
					"name" : "hex4[3]",
					"strict" : false
				},
				{
					"name" : "hex4[4]",
					"strict" : false
				},
				{
					"name" : "hex4[5]",
					"strict" : false
				},
				{
					"name" : "hex4[6]",
					"strict" : false
				},
				{
					"name" : "hex5[0]",
					"strict" : false
				},
				{
					"name" : "hex5[1]",
					"strict" : false
				},
				{
					"name" : "hex5[2]",
					"strict" : false
				},
				{
					"name" : "hex5[3]",
					"strict" : false
				},
				{
					"name" : "hex5[4]",
					"strict" : false
				},
				{
					"name" : "hex5[5]",
					"strict" : false
				},
				{
					"name" : "hex5[6]",
					"strict" : false
				},
				{
					"name" : "hex6[0]",
					"strict" : false
				},
				{
					"name" : "hex6[1]",
					"strict" : false
				},
				{
					"name" : "hex6[2]",
					"strict" : false
				},
				{
					"name" : "hex6[3]",
					"strict" : false
				},
				{
					"name" : "hex6[4]",
					"strict" : false
				},
				{
					"name" : "hex6[5]",
					"strict" : false
				},
				{
					"name" : "hex6[6]",
					"strict" : false
				},
				{
					"name" : "hex7[0]",
					"strict" : false
				},
				{
					"name" : "hex7[1]",
					"strict" : false
				},
				{
					"name" : "hex7[2]",
					"strict" : false
				},
				{
					"name" : "hex7[3]",
					"strict" : false
				},
				{
					"name" : "hex7[4]",
					"strict" : false
				},
				{
					"name" : "hex7[5]",
					"strict" : false
				},
				{
					"name" : "hex7[6]",
					"strict" : false
				},
				{
					"name" : "Reg32_out_a[0]",
					"strict" : false
				},
				{
					"name" : "Reg32_out_a[1]",
					"strict" : false
				},
				{
					"name" : "Reg32_out_a[2]",
					"strict" : false
				},
				{
					"name" : "Reg32_out_a[3]",
					"strict" : false
				},
				{
					"name" : "Reg32_out_a[4]",
					"strict" : false
				},
				{
					"name" : "Reg32_out_a[5]",
					"strict" : false
				},
				{
					"name" : "Reg32_out_a[6]",
					"strict" : false
				},
				{
					"name" : "Reg32_out_a[7]",
					"strict" : false
				},
				{
					"name" : "Reg32_out_a[8]",
					"strict" : false
				},
				{
					"name" : "Reg32_out_a[9]",
					"strict" : false
				},
				{
					"name" : "Reg32_out_a[10]",
					"strict" : false
				},
				{
					"name" : "Reg32_out_a[11]",
					"strict" : false
				},
				{
					"name" : "Reg32_out_a[12]",
					"strict" : false
				},
				{
					"name" : "Reg32_out_a[13]",
					"strict" : false
				},
				{
					"name" : "Reg32_out_a[14]",
					"strict" : false
				},
				{
					"name" : "Reg32_out_a[15]",
					"strict" : false
				},
				{
					"name" : "Reg32_out_a[16]",
					"strict" : false
				},
				{
					"name" : "Reg32_out_a[17]",
					"strict" : false
				},
				{
					"name" : "Reg32_out_a[18]",
					"strict" : false
				},
				{
					"name" : "Reg32_out_a[19]",
					"strict" : false
				},
				{
					"name" : "Reg32_out_a[20]",
					"strict" : false
				},
				{
					"name" : "Reg32_out_a[21]",
					"strict" : false
				},
				{
					"name" : "Reg32_out_a[22]",
					"strict" : false
				},
				{
					"name" : "Reg32_out_a[23]",
					"strict" : false
				},
				{
					"name" : "Reg32_out_a[24]",
					"strict" : false
				},
				{
					"name" : "Reg32_out_a[25]",
					"strict" : false
				},
				{
					"name" : "Reg32_out_a[26]",
					"strict" : false
				},
				{
					"name" : "Reg32_out_a[27]",
					"strict" : false
				},
				{
					"name" : "Reg32_out_a[28]",
					"strict" : false
				},
				{
					"name" : "Reg32_out_a[29]",
					"strict" : false
				},
				{
					"name" : "Reg32_out_a[30]",
					"strict" : false
				},
				{
					"name" : "Reg32_out_a[31]",
					"strict" : false
				},
				{
					"name" : "clk",
					"strict" : false
				},
				{
					"name" : "rst",
					"strict" : false
				},
				{
					"name" : "SW[0]",
					"strict" : false
				},
				{
					"name" : "SW[1]",
					"strict" : false
				},
				{
					"name" : "SW[2]",
					"strict" : false
				},
				{
					"name" : "SW[3]",
					"strict" : false
				},
				{
					"name" : "SW[4]",
					"strict" : false
				},
				{
					"name" : "SW[5]",
					"strict" : false
				},
				{
					"name" : "SW[6]",
					"strict" : false
				},
				{
					"name" : "SW[7]",
					"strict" : false
				},
				{
					"name" : "button",
					"strict" : false
				},
				{
					"name" : "altera_reserved_tms",
					"strict" : false
				},
				{
					"name" : "altera_reserved_tck",
					"strict" : false
				},
				{
					"name" : "altera_reserved_tdi",
					"strict" : false
				},
				{
					"name" : "altera_reserved_tdo",
					"strict" : false
				}
			]
		}
	]
}