{
	"partitions" : [
		{
			"name" : "Top",
			"pins" : [
				{
					"name" : "q[0]",
					"strict" : false
				},
				{
					"name" : "q[1]",
					"strict" : false
				},
				{
					"name" : "q[2]",
					"strict" : false
				},
				{
					"name" : "q[3]",
					"strict" : false
				},
				{
					"name" : "q[4]",
					"strict" : false
				},
				{
					"name" : "q[5]",
					"strict" : false
				},
				{
					"name" : "q[6]",
					"strict" : false
				},
				{
					"name" : "q[7]",
					"strict" : false
				},
				{
					"name" : "q[8]",
					"strict" : false
				},
				{
					"name" : "q[9]",
					"strict" : false
				},
				{
					"name" : "q[10]",
					"strict" : false
				},
				{
					"name" : "q[11]",
					"strict" : false
				},
				{
					"name" : "q[12]",
					"strict" : false
				},
				{
					"name" : "q[13]",
					"strict" : false
				},
				{
					"name" : "q[14]",
					"strict" : false
				},
				{
					"name" : "q[15]",
					"strict" : false
				},
				{
					"name" : "q[16]",
					"strict" : false
				},
				{
					"name" : "q[17]",
					"strict" : false
				},
				{
					"name" : "q[18]",
					"strict" : false
				},
				{
					"name" : "q[19]",
					"strict" : false
				},
				{
					"name" : "q[20]",
					"strict" : false
				},
				{
					"name" : "q[21]",
					"strict" : false
				},
				{
					"name" : "q[22]",
					"strict" : false
				},
				{
					"name" : "q[23]",
					"strict" : false
				},
				{
					"name" : "q[24]",
					"strict" : false
				},
				{
					"name" : "q[25]",
					"strict" : false
				},
				{
					"name" : "q[26]",
					"strict" : false
				},
				{
					"name" : "q[27]",
					"strict" : false
				},
				{
					"name" : "q[28]",
					"strict" : false
				},
				{
					"name" : "q[29]",
					"strict" : false
				},
				{
					"name" : "q[30]",
					"strict" : false
				},
				{
					"name" : "q[31]",
					"strict" : false
				},
				{
					"name" : "wren",
					"strict" : false
				},
				{
					"name" : "rden",
					"strict" : false
				},
				{
					"name" : "clock",
					"strict" : false
				},
				{
					"name" : "data[0]",
					"strict" : false
				},
				{
					"name" : "wraddress[0]",
					"strict" : false
				},
				{
					"name" : "wraddress[1]",
					"strict" : false
				},
				{
					"name" : "wraddress[2]",
					"strict" : false
				},
				{
					"name" : "wraddress[3]",
					"strict" : false
				},
				{
					"name" : "wraddress[4]",
					"strict" : false
				},
				{
					"name" : "wraddress[5]",
					"strict" : false
				},
				{
					"name" : "wraddress[6]",
					"strict" : false
				},
				{
					"name" : "wraddress[7]",
					"strict" : false
				},
				{
					"name" : "rdaddress[0]",
					"strict" : false
				},
				{
					"name" : "rdaddress[1]",
					"strict" : false
				},
				{
					"name" : "rdaddress[2]",
					"strict" : false
				},
				{
					"name" : "rdaddress[3]",
					"strict" : false
				},
				{
					"name" : "rdaddress[4]",
					"strict" : false
				},
				{
					"name" : "rdaddress[5]",
					"strict" : false
				},
				{
					"name" : "rdaddress[6]",
					"strict" : false
				},
				{
					"name" : "rdaddress[7]",
					"strict" : false
				},
				{
					"name" : "data[1]",
					"strict" : false
				},
				{
					"name" : "data[2]",
					"strict" : false
				},
				{
					"name" : "data[3]",
					"strict" : false
				},
				{
					"name" : "data[4]",
					"strict" : false
				},
				{
					"name" : "data[5]",
					"strict" : false
				},
				{
					"name" : "data[6]",
					"strict" : false
				},
				{
					"name" : "data[7]",
					"strict" : false
				},
				{
					"name" : "data[8]",
					"strict" : false
				},
				{
					"name" : "data[9]",
					"strict" : false
				},
				{
					"name" : "data[10]",
					"strict" : false
				},
				{
					"name" : "data[11]",
					"strict" : false
				},
				{
					"name" : "data[12]",
					"strict" : false
				},
				{
					"name" : "data[13]",
					"strict" : false
				},
				{
					"name" : "data[14]",
					"strict" : false
				},
				{
					"name" : "data[15]",
					"strict" : false
				},
				{
					"name" : "data[16]",
					"strict" : false
				},
				{
					"name" : "data[17]",
					"strict" : false
				},
				{
					"name" : "data[18]",
					"strict" : false
				},
				{
					"name" : "data[19]",
					"strict" : false
				},
				{
					"name" : "data[20]",
					"strict" : false
				},
				{
					"name" : "data[21]",
					"strict" : false
				},
				{
					"name" : "data[22]",
					"strict" : false
				},
				{
					"name" : "data[23]",
					"strict" : false
				},
				{
					"name" : "data[24]",
					"strict" : false
				},
				{
					"name" : "data[25]",
					"strict" : false
				},
				{
					"name" : "data[26]",
					"strict" : false
				},
				{
					"name" : "data[27]",
					"strict" : false
				},
				{
					"name" : "data[28]",
					"strict" : false
				},
				{
					"name" : "data[29]",
					"strict" : false
				},
				{
					"name" : "data[30]",
					"strict" : false
				},
				{
					"name" : "data[31]",
					"strict" : false
				}
			]
		}
	]
}